{
  "description": "<p>Changelog (21/05/24):<p>* Improved Episode Search Logic.<p>* Fixed Corrupted Seperator Episode Titles.<p>* Added New Background.",
  "author": "Gekko, iprot, Wolfy, F0R3V3R50F7",
  "homepage": "https://github.com/dajesusmodz/m7-plugin-eztv",
  "title": "EZTV",
  "synopsis": "EZTV, your one stop source for all your favorite TV shows.",
  "version": "1.7",
  "file": "eztv.js",
  "m7Version": "7.0.0",
  "type": "ecmascript",
  "id": "eztv",
  "icon": "logo.png",
  "category": "video",
  "apiversion": 2
}
