{
  "description": "<p>Changelog (1.7 (00/05/24)<p>* Fixed Infinite Loading Bug in 'My Favorites' Page.<p>* Improved Box Set Sorting and Search Result Accuracy.<p>* Added Invisible Seperators on Start Page for Better Presentation",
  "author": "Gekko, iprot, Wolfy, F0R3V3R50F7",
  "homepage": "https://github.com/dajesusmodz/m7-plugin-eztv",
  "title": "EZTV",
  "synopsis": "EZTV, your one stop source for all your favorite TV shows.",
  "version": "1.7",
  "file": "eztv.js",
  "m7Version": "7.0.0",
  "type": "ecmascript",
  "id": "eztv",
  "icon": "logo.png",
  "category": "video",
  "apiversion": 2
}
